date,daily_portfolio_return,equity
2026-08-25,0.0005791060147610771,100057.9106014761
2026-08-26,-0.006383991136619671,99419.1417870476
2026-08-27,0.002035851427487123,99621.5443887743
2026-08-28,-0.008496574491665654,98775.10251590032
2026-08-31,0.0038068561091722406,99151.12511834709
2026-09-01,-0.005975157876028958,98558.68149217905
2026-09-02,0.004088518791156725,98961.64051349147
2026-09-03,0.006094389548742818,99564.75130116333
2026-09-04,-0.005130549045879107,99053.92946137197
2026-09-08,-0.0032635583091052967,98730.66118682879
2026-09-09,0.003616627527470073,99087.73321388238
2026-09-10,-0.007899349716280969,98305.0045566324
2026-09-11,0.005810591654940867,98876.21479574809
2026-09-14,-0.006409237189132222,98242.49368275855
2026-09-15,0.0030342598669710783,98540.5869385713
2026-09-16,-0.008719693264131778,97681.34324639944
2026-09-17,0.011274207665866332,98782.62299524012
2026-09-18,0.001966518037100218,98976.88080511233
2026-09-21,0.0024198211121933657,99216.38715090358
2026-09-22,0.0028288802035901115,99497.0584243865
2026-09-23,-0.0066875154641995675,98831.67030753107
2026-09-24,-0.0022558896297029786,98608.71696739807
2026-09-25,0.0007191560646649054,98679.632024234
2026-09-28,-0.010870492607980365,97606.93581375634
2026-09-29,0.0002154444139425671,97627.96468283948
2026-09-30,-0.0003981295770198789,97589.09610255499
2026-10-01,0.003915659152206841,97971.22173986456
2026-10-02,0.0017850494879776413,98146.10521906785
